{"cameraMode":{"drawMode":0,"name":"Shaded","section":"Shading Mode"},"sceneLighting":true,"audioPlay":false,"sceneViewState":{"m_AlwaysRefresh":false,"showFog":true,"showSkybox":true,"showFlares":true,"showImageEffects":true,"showParticleSystems":true,"showVisualEffectGraphs":true,"m_FxEnabled":true},"in2DMode":false,"pivot":{"x":4.8914713859558109,"y":1.9721205234527588,"z":3.6655991077423097},"rotation":{"x":0.7204132676124573,"y":0.0006935659912414849,"z":-0.0007204331341199577,"w":0.6935448050498962},"size":5.894067287445068,"orthographic":true}