{"cameraMode":{"drawMode":0,"name":"Shaded","section":"Shading Mode"},"sceneLighting":true,"audioPlay":false,"sceneViewState":{"m_AlwaysRefresh":false,"showFog":true,"showSkybox":true,"showFlares":true,"showImageEffects":true,"showParticleSystems":true,"showVisualEffectGraphs":true,"m_FxEnabled":true},"in2DMode":false,"pivot":{"x":0.31156474351882937,"y":1.2597448825836182,"z":0.7667431831359863},"rotation":{"x":0.19768381118774415,"y":-0.005512693431228399,"z":0.0012628829572349787,"w":0.9802734851837158},"size":2.37861967086792,"orthographic":false}